{
  "primary_metric": "roc_auc",
  "best_config": "lr=0.01|bs=32|hls=(128,)",
  "runner_up_config": "lr=0.001|bs=128|hls=(128,)",
  "best_mean_outer_roc_auc": 0.9822277601993671,
  "best_mean_outer_accuracy": 0.944,
  "accuracy": 0.944,
  "roc_auc": 0.9822277601993671,
  "n_configs": 16,
  "n_outer_observations_per_config": 5,
  "corrected_resampled_ttest_best_minus_runnerup": {
    "n": 5,
    "k_outer": 5,
    "p_test_fraction": 0.2,
    "mean_diff": 0.0002692096915489106,
    "var_diffs": 1.2404432303050025e-05,
    "var_hat_corrected": 5.581994536372511e-06,
    "se_corrected": 0.0023626245017718136,
    "df": 4,
    "ci95_low": -0.006290487541815829,
    "ci95_high": 0.00682890692491365,
    "method": "nadeau_bengio_corrected_resampled_ttest"
  },
  "config_summary": {
    "lr=0.0001|bs=32|hls=(32,)": {
      "n_outer_observations": 5,
      "mean_roc_auc": 0.9617674236272507,
      "std_roc_auc": 0.006909766477165627,
      "mean_accuracy": 0.8960000000000001,
      "std_accuracy": 0.008746427842267958,
      "mean_log_loss": 0.26373678092186775,
      "std_log_loss": 0.016179058766383942
    },
    "lr=0.0001|bs=32|hls=(128,)": {
      "n_outer_observations": 5,
      "mean_roc_auc": 0.9789352416687,
      "std_roc_auc": 0.002177412536677671,
      "mean_accuracy": 0.9346,
      "std_accuracy": 0.008820430828479933,
      "mean_log_loss": 0.19109166950394602,
      "std_log_loss": 0.009424135650741256
    },
    "lr=0.0001|bs=128|hls=(32,)": {
      "n_outer_observations": 5,
      "mean_roc_auc": 0.9185770687744759,
      "std_roc_auc": 0.011197826039534195,
      "mean_accuracy": 0.8321999999999999,
      "std_accuracy": 0.012774975538137015,
      "mean_log_loss": 0.39479898128092217,
      "std_log_loss": 0.01103483633571937
    },
    "lr=0.0001|bs=128|hls=(128,)": {
      "n_outer_observations": 5,
      "mean_roc_auc": 0.9621306367029213,
      "std_roc_auc": 0.006622435626128954,
      "mean_accuracy": 0.8939999999999999,
      "std_accuracy": 0.011979148550710951,
      "mean_log_loss": 0.2743179520945347,
      "std_log_loss": 0.014102915755286747
    },
    "lr=0.001|bs=32|hls=(32,)": {
      "n_outer_observations": 5,
      "mean_roc_auc": 0.9816417391026077,
      "std_roc_auc": 0.0009324266175254222,
      "mean_accuracy": 0.9437999999999999,
      "std_accuracy": 0.005069516742254598,
      "mean_log_loss": 0.17657736589715717,
      "std_log_loss": 0.008717998772906108
    },
    "lr=0.001|bs=32|hls=(128,)": {
      "n_outer_observations": 5,
      "mean_roc_auc": 0.9796480673304238,
      "std_roc_auc": 0.0027473934298721634,
      "mean_accuracy": 0.9376,
      "std_accuracy": 0.007231873892705777,
      "mean_log_loss": 0.21636254858742093,
      "std_log_loss": 0.02524376423875213
    },
    "lr=0.001|bs=128|hls=(32,)": {
      "n_outer_observations": 5,
      "mean_roc_auc": 0.9807329063846296,
      "std_roc_auc": 0.0014740343405583252,
      "mean_accuracy": 0.9381999999999999,
      "std_accuracy": 0.006099180272790712,
      "mean_log_loss": 0.17493202132181587,
      "std_log_loss": 0.009774054037142117
    },
    "lr=0.001|bs=128|hls=(128,)": {
      "n_outer_observations": 5,
      "mean_roc_auc": 0.9819585505078182,
      "std_roc_auc": 0.0012612239005469266,
      "mean_accuracy": 0.9452,
      "std_accuracy": 0.006180614856144983,
      "mean_log_loss": 0.17392468753989532,
      "std_log_loss": 0.010458048643433937
    },
    "lr=0.01|bs=32|hls=(32,)": {
      "n_outer_observations": 5,
      "mean_roc_auc": 0.9751143041149481,
      "std_roc_auc": 0.0034789392926082986,
      "mean_accuracy": 0.9252,
      "std_accuracy": 0.008467585252006627,
      "mean_log_loss": 0.39590924406428096,
      "std_log_loss": 0.042069348472243896
    },
    "lr=0.01|bs=32|hls=(128,)": {
      "n_outer_observations": 5,
      "mean_roc_auc": 0.9822277601993671,
      "std_roc_auc": 0.0037768272160675505,
      "mean_accuracy": 0.944,
      "std_accuracy": 0.011895377253370289,
      "mean_log_loss": 0.34911281490940865,
      "std_log_loss": 0.05713915453846743
    },
    "lr=0.01|bs=128|hls=(32,)": {
      "n_outer_observations": 5,
      "mean_roc_auc": 0.9768327659795754,
      "std_roc_auc": 0.0023188151996470837,
      "mean_accuracy": 0.9301999999999999,
      "std_accuracy": 0.004764451699828642,
      "mean_log_loss": 0.29318369945704514,
      "std_log_loss": 0.023347177332512858
    },
    "lr=0.01|bs=128|hls=(128,)": {
      "n_outer_observations": 5,
      "mean_roc_auc": 0.9799616786204304,
      "std_roc_auc": 0.003071275296106705,
      "mean_accuracy": 0.9400000000000001,
      "std_accuracy": 0.009219544457292842,
      "mean_log_loss": 0.33540454388773505,
      "std_log_loss": 0.04294438236332255
    },
    "lr=0.1|bs=32|hls=(32,)": {
      "n_outer_observations": 5,
      "mean_roc_auc": 0.9603937741758702,
      "std_roc_auc": 0.006474152531455392,
      "mean_accuracy": 0.9046,
      "std_accuracy": 0.00873498712076899,
      "mean_log_loss": 0.43066663256341686,
      "std_log_loss": 0.06237403633343862
    },
    "lr=0.1|bs=32|hls=(128,)": {
      "n_outer_observations": 5,
      "mean_roc_auc": 0.9596473473045029,
      "std_roc_auc": 0.010009926441853268,
      "mean_accuracy": 0.901,
      "std_accuracy": 0.018000000000000016,
      "mean_log_loss": 0.5974228863910928,
      "std_log_loss": 0.1940279861627875
    },
    "lr=0.1|bs=128|hls=(32,)": {
      "n_outer_observations": 5,
      "mean_roc_auc": 0.9741922709217532,
      "std_roc_auc": 0.006172758262124561,
      "mean_accuracy": 0.9259999999999999,
      "std_accuracy": 0.005958187643906498,
      "mean_log_loss": 0.41229776849494326,
      "std_log_loss": 0.09896813254560619
    },
    "lr=0.1|bs=128|hls=(128,)": {
      "n_outer_observations": 5,
      "mean_roc_auc": 0.9711409610745985,
      "std_roc_auc": 0.005498266689444486,
      "mean_accuracy": 0.922,
      "std_accuracy": 0.012549900398011099,
      "mean_log_loss": 0.5797196612097999,
      "std_log_loss": 0.19361350269749797
    }
  },
  "outer_observations": [
    {
      "fold": 0,
      "selected_config": "lr=0.001|bs=128|hls=(128,)",
      "selected_roc_auc": 0.9803952942305922,
      "selected_accuracy": 0.949,
      "selected_log_loss": 0.18602068542435854
    },
    {
      "fold": 1,
      "selected_config": "lr=0.01|bs=32|hls=(128,)",
      "selected_roc_auc": 0.9772591813305278,
      "selected_accuracy": 0.926,
      "selected_log_loss": 0.4229288068109071
    },
    {
      "fold": 2,
      "selected_config": "lr=0.001|bs=128|hls=(128,)",
      "selected_roc_auc": 0.9808833117992247,
      "selected_accuracy": 0.939,
      "selected_log_loss": 0.18327340219591787
    },
    {
      "fold": 3,
      "selected_config": "lr=0.001|bs=128|hls=(128,)",
      "selected_roc_auc": 0.9828553827937805,
      "selected_accuracy": 0.943,
      "selected_log_loss": 0.16660026891921728
    },
    {
      "fold": 4,
      "selected_config": "lr=0.001|bs=128|hls=(128,)",
      "selected_roc_auc": 0.9832993987783559,
      "selected_accuracy": 0.954,
      "selected_log_loss": 0.1618429354157418
    }
  ],
  "runtime_seconds": 210.57097148895264
}